{
	"version": 3,
	"$schema": "https://schemas.wp.org/wp/6.7/theme.json",
	"settings": {
		"color": {
			"palette": [
				{
					"color": "#80A11B",
					"name": "Vert Clair",
					"slug": "vert-clair"
				},
				{
					"color": "#1a936f",
					"name": "Vert Foncé",
					"slug": "vert-fonce"
				},
				{
					"color": "#13aff0",
					"name": "Bleu CMR",
					"slug": "bleu-cmr"
				},
				{
					"color": "#191919",
					"name": "Anthracite",
					"slug": "anthracite"
				},
				{
					"color": "#ffffff",
					"name": "Blanc",
					"slug": "blanc"
				}
			]
		},
		"layout": {
			"contentSize": "1280px",
			"wideSize": "1600px"
		},
		"typography": {
			"fontFamilies": [
				{
					"fontFamily": "Caveat",
					"name": "caveat",
					"slug": "caveat",
					"fontFace": [
						{
							"fontFamily": "caveat",
							"fontWeight": "400 700",
							"fontStyle": "normal",
							"fontStretch": "normal",
							"src": [
								"file:./assets/fonts/caveat/regular/caveat-regular.woff"
							]
						},
						{
							"fontFamily": "caveat",
							"fontWeight": "400 700",
							"fontStyle": "bold",
							"fontStretch": "normal",
							"src": [
								"file:./assets/fonts/caveat/bold/caveat-bold.woff"
							]
						}
					]
				}
			]
		}

	}
}